text,type,themes,impact,novelty,singability,clarity,rewrite1,rewrite2,rewrite3,rewrite4
Svettiga händer på plastmapp, väntetid 47 minuter,metafor,"stress;väntan",4,5,3,4,Det kladdar om mina händer på plastmappen medan jag räknar minuten 47,Handflatan glider över plasten, könumret blinkar 47,Jag torkar bort svetten på plastfickan, 47 siffror kvar,Lappar plast, svettpärlor och väntetid – fyrtiosju slag
BankID‑popup kliver in under tårkanterna,metafor,"system;gråt",3,4,4,4,BankID‑rutan blinkar mitt i gråten,BankID‑ljuset tänder tårkanalen,Systempopupen skaver i ögonvrån,BankID‑signal möter fuktig kind
Nattöppet snabbköp, lysrörsbrus i ensamma öron,scen,"ensamhet;stad",4,4,3,5,Midnattshallen sjunger med lysrören runt mig,Nattkassan blinkar kallt och surrar i huvudet,Jag vandrar mellan hyllor medan lampor brusar,Lysrören viskar i mina öron i den öppna natten
Kivra‑notis 21:45, helgen knäcks i kantlinjer,metafor,"system;helg",3,5,3,4,Kivra plingar kvart i tio och bryter fredagslugnet,Digital brevlåda slår ner på min helg,Kivranotisen skär i kvällens mjukhet,En fredagsnatt bryts av ett systempip
Portkodsklick i tyst trapphus, hjärtat hackar i takt,scen,"vardag;stress",4,4,4,4,Mina fingrar knappar koden medan pulsen ökar,Portkoden piper och hjärtat hoppar med,Knastret från siffrorna följs av mina hjärtslag,Koden klickar, bröstet knackar,
Skrynkligt ICA‑kvitto, minus i banken, plus i bröstet,metafor,"ekonomi;kropp",5,5,3,4,Ett skrynkligt kvitto säger minus men bröstet säger plus,Kvittot krullar sig, kontot är rött men jag är hel,Ekonomin blöder medan mitt bröst slår starkt,Minus på pappret, plus i kroppen
Barnlås på skåp och tankar, impulser låses in,metafor,"säkerhet;kaos",4,3,4,4,Lås på lådor och i huvudet, spärrar känslan,Barnlåset klickar på tankarna så de inte rusar,Jag sätter spärrar på skåp och idéer,Säkra skåp, säkrade impulser
Diskmaskinens avslutande sus som symfoni för ensam,scen,"ensamhet;vardag",4,4,3,5,Det sista suget från diskmaskinen är min lullaby,Diskmaskinens suck är dagens sista låt,Suset från maskinen fyller lägenheten som en orkester,Maskinen tystnar och tystnad tar över
Teams‑pling ekar i märgen, livet i autopilot,metafor,"arbete;stress",4,3,4,3,Ett Teamspling går rakt i benmärgen, digitalt påslag,Datamötet pingar, jag följer utan att tänka,Plinget i hörlurarna styr min rytm,Autopiloten startar när plinget låter
Vinylknaster och hissbrus, ansiktets mask,scen,"nostalgi;isolation",3,4,3,4,Skivknastret blandas med hissljusets brus,Hissen surrar och vinylen knastrar i bakgrunden,Nålen hoppar, hissen sjunger, ansiktet är stilla,Bakgrundsljuden bär min mask